	Predicted_gene	Pfam	MISC1	MISC2	MISC3	MISC4	MISC5
0	/tmp/05_25_17-02:55:32.fasta|GENSCAN_predicted_peptide_1|1862_aa	PF11603.7	1.3e-25	4	119	39	155
1	/tmp/05_25_17-02:55:32.fasta|GENSCAN_predicted_peptide_1|1862_aa	PF00271.30	2.5000000000000003e-12	3	107	1097	1200
2	/tmp/05_25_17-02:55:32.fasta|GENSCAN_predicted_peptide_1|1862_aa	PF00270.28	1.4e-06	13	174	869	1028
3	/tmp/05_25_17-02:55:32.fasta|GENSCAN_predicted_peptide_2|603_aa	PF00674.17	2.8e-29	3	103	68	167
4	/tmp/05_25_17-02:55:32.fasta|GENSCAN_predicted_peptide_2|603_aa	PF00674.17	4.099999999999999e-33	3	103	256	353
5	/tmp/05_25_17-02:55:32.fasta|GENSCAN_predicted_peptide_2|603_aa	PF01966.21	3.3e-05	1	115	430	533
6	/tmp/05_25_17-02:55:32.fasta|GENSCAN_predicted_peptide_3|222_aa	PF01174.18	8.999999999999997e-96	1	187	7	216
7	/tmp/05_25_17-02:55:32.fasta|GENSCAN_predicted_peptide_3|222_aa	PF07685.13	2.5e-10	25	129	36	133
8	/tmp/05_25_17-02:55:32.fasta|GENSCAN_predicted_peptide_4|298_aa	PF01680.16	1.5999999999999998e-106	2	207	4	211
9	/tmp/05_25_17-02:55:32.fasta|GENSCAN_predicted_peptide_4|298_aa	PF05690.13	2e-06	167	224	195	254
10	/tmp/05_25_17-02:55:32.fasta|GENSCAN_predicted_peptide_5|304_aa	PF09084.10	3.3999999999999994e-67	24	216	2	202
11	/tmp/05_25_17-02:55:32.fasta|GENSCAN_predicted_peptide_6|376_aa	PF00248.20	1.7999999999999997e-71	1	290	31	340
12	/tmp/05_25_17-02:55:32.fasta|GENSCAN_predicted_peptide_7|1396_aa	PF00850.18	9.299999999999999e-82	1	302	1001	1287
13	/tmp/05_25_17-02:55:32.fasta|GENSCAN_predicted_peptide_7|1396_aa	PF00004.28	3.3e-09	2	130	421	559
14	/tmp/05_25_17-02:55:32.fasta|GENSCAN_predicted_peptide_7|1396_aa	PF00004.28	1.4999999999999997e-45	1	130	709	840
15	/tmp/05_25_17-02:55:32.fasta|GENSCAN_predicted_peptide_9|879_aa	PF02383.17	4.599999999999999e-76	1	319	104	422
16	/tmp/05_25_17-02:55:32.fasta|GENSCAN_predicted_peptide_10|414_aa	PF03381.14	2.3999999999999995e-82	2	279	94	401
17	/tmp/05_25_17-02:55:32.fasta|GENSCAN_predicted_peptide_12|1121_aa	PF12146.7	9e-08	29	125	941	1036
18	/tmp/05_25_17-02:55:32.fasta|GENSCAN_predicted_peptide_12|1121_aa	PF03733.12	3.4999999999999997e-13	2	51	240	296
19	/tmp/05_25_17-02:55:32.fasta|GENSCAN_predicted_peptide_12|1121_aa	PF01699.23	6.1e-06	5	143	531	700
20	/tmp/05_25_17-02:55:32.fasta|GENSCAN_predicted_peptide_12|1121_aa	PF01699.23	5.9e-07	2	62	745	806
21	/tmp/05_25_17-02:55:32.fasta|GENSCAN_predicted_peptide_13|465_aa	PF00400.31	2.8e-06	8	37	132	162
22	/tmp/05_25_17-02:55:32.fasta|GENSCAN_predicted_peptide_13|465_aa	PF00400.31	0.00015	9	38	175	205
23	/tmp/05_25_17-02:55:32.fasta|GENSCAN_predicted_peptide_13|465_aa	PF00400.31	1.1e-05	2	38	210	247
24	/tmp/05_25_17-02:55:32.fasta|GENSCAN_predicted_peptide_13|465_aa	PF00400.31	0.00015	6	37	345	377
25	/tmp/05_25_17-02:55:32.fasta|GENSCAN_predicted_peptide_14|368_aa	PF00800.17	2.5e-59	1	182	42	260
26	/tmp/05_25_17-02:55:32.fasta|GENSCAN_predicted_peptide_15|318_aa	PF06644.10	9.399999999999998e-97	3	272	40	310
27	/tmp/05_25_17-02:55:32.fasta|GENSCAN_predicted_peptide_17|904_aa	PF13181.5	0.023	2	33	638	669
28	/tmp/05_25_17-02:55:32.fasta|GENSCAN_predicted_peptide_18|273_aa	PF01336.24	1e-10	1	76	69	157
29	/tmp/05_25_17-02:55:32.fasta|GENSCAN_predicted_peptide_18|273_aa	PF08784.10	1.3e-06	18	104	179	268
30	/tmp/05_25_17-02:55:32.fasta|GENSCAN_predicted_peptide_19|763_aa	PF00646.32	9.8e-05	2	40	56	94
31	/tmp/05_25_17-02:55:32.fasta|GENSCAN_predicted_peptide_19|763_aa	PF12937.6	3.8e-06	3	46	59	101
32	/tmp/05_25_17-02:55:32.fasta|GENSCAN_predicted_peptide_20|174_aa	PF05180.11	5.5e-29	2	64	71	133
33	/tmp/05_25_17-02:55:32.fasta|GENSCAN_predicted_peptide_22|591_aa	PF12936.6	4.0999999999999996e-30	3	89	444	543
34	/tmp/05_25_17-02:55:32.fasta|GENSCAN_predicted_peptide_22|591_aa	PF05178.11	3.2e-15	3	101	302	395
35	/tmp/05_25_17-02:55:32.fasta|GENSCAN_predicted_peptide_23|375_aa	PF00069.24	4.9e-59	2	264	36	327
36	/tmp/05_25_17-02:55:32.fasta|GENSCAN_predicted_peptide_23|375_aa	PF07714.16	1.3e-29	3	210	37	243
37	/tmp/05_25_17-02:55:32.fasta|GENSCAN_predicted_peptide_24|297_aa	PF01027.19	7.699999999999999e-41	1	207	48	290
38	/tmp/05_25_17-02:55:32.fasta|GENSCAN_predicted_peptide_25|417_aa	PF00071.21	1.8e-24	27	138	201	318
39	/tmp/05_25_17-02:55:32.fasta|GENSCAN_predicted_peptide_25|417_aa	PF08477.12	1.5e-11	27	120	201	296
40	/tmp/05_25_17-02:55:32.fasta|GENSCAN_predicted_peptide_25|417_aa	PF00025.20	5.7999999999999994e-05	41	154	201	323
41	/tmp/05_25_17-02:55:32.fasta|GENSCAN_predicted_peptide_26|296_aa	PF17135.3	3.6999999999999995e-76	1	162	2	161
42	/tmp/05_25_17-02:55:32.fasta|GENSCAN_predicted_peptide_26|296_aa	PF01090.18	3.3e-52	3	136	159	293
43	/tmp/05_25_17-02:55:32.fasta|GENSCAN_predicted_peptide_27|642_aa	PF01909.22	8.3e-19	1	89	201	309
44	/tmp/05_25_17-02:55:32.fasta|GENSCAN_predicted_peptide_27|642_aa	PF03828.18	6.900000000000001e-16	1	62	368	428
45	/tmp/05_25_17-02:55:32.fasta|GENSCAN_predicted_peptide_28|757_aa	PF00069.24	6.899999999999999e-63	24	264	503	740
46	/tmp/05_25_17-02:55:32.fasta|GENSCAN_predicted_peptide_28|757_aa	PF07714.16	6.6e-50	2	258	462	736
47	/tmp/05_25_17-02:55:32.fasta|GENSCAN_predicted_peptide_28|757_aa	PF00786.27	1.8e-23	2	59	99	156
48	/tmp/05_25_17-02:55:32.fasta|GENSCAN_predicted_peptide_28|757_aa	PF00169.28	1.7e-05	25	101	2	90
49	/tmp/05_25_17-02:55:32.fasta|GENSCAN_predicted_peptide_28|757_aa	PF14531.5	7.000000000000001e-06	104	244	531	677
50	/tmp/05_25_17-02:55:32.fasta|GENSCAN_predicted_peptide_29|1634_aa	PF16213.4	1.6999999999999998e-47	5	177	8	177
51	/tmp/05_25_17-02:55:32.fasta|GENSCAN_predicted_peptide_29|1634_aa	PF12783.6	3.6999999999999995e-33	2	158	201	364
52	/tmp/05_25_17-02:55:32.fasta|GENSCAN_predicted_peptide_29|1634_aa	PF16206.4	6.4e-11	2	136	934	1079
53	/tmp/05_25_17-02:55:32.fasta|GENSCAN_predicted_peptide_30|524_aa	PF08692.9	8.5e-35	2	128	111	242
54	/tmp/05_25_17-02:55:32.fasta|GENSCAN_predicted_peptide_31|533_aa	PF08733.9	3.3e-85	1	329	16	361
55	/tmp/05_25_17-02:55:32.fasta|GENSCAN_predicted_peptide_32|593_aa	PF00566.17	7.599999999999999e-32	2	157	187	348
56	/tmp/05_25_17-02:55:32.fasta|GENSCAN_predicted_peptide_32|593_aa	PF00566.17	6.5e-11	164	213	385	434
57	/tmp/05_25_17-02:55:32.fasta|GENSCAN_predicted_peptide_33|403_aa	PF01509.17	3.3e-39	3	131	62	193
58	/tmp/05_25_17-02:55:32.fasta|GENSCAN_predicted_peptide_34|501_aa	PF12929.6	1.2999999999999997e-127	2	425	53	489
59	/tmp/05_25_17-02:55:32.fasta|GENSCAN_predicted_peptide_35|677_aa	PF00134.22	4.8e-20	29	126	448	549
60	/tmp/05_25_17-02:55:32.fasta|GENSCAN_predicted_peptide_35|677_aa	PF00004.28	2.8000000000000005e-17	1	129	49	166
61	/tmp/05_25_17-02:55:32.fasta|GENSCAN_predicted_peptide_35|677_aa	PF13177.5	3.2e-12	2	162	30	169
62	/tmp/05_25_17-02:55:32.fasta|GENSCAN_predicted_peptide_35|677_aa	PF08542.10	5.5e-12	1	87	239	325
63	/tmp/05_25_17-02:55:32.fasta|GENSCAN_predicted_peptide_35|677_aa	PF08613.10	1.2e-06	65	161	452	549
64	/tmp/05_25_17-02:55:32.fasta|GENSCAN_predicted_peptide_35|677_aa	PF03215.14	4.8e-06	4	77	10	79
65	/tmp/05_25_17-02:55:32.fasta|GENSCAN_predicted_peptide_35|677_aa	PF05496.11	2.2e-06	8	75	9	71
66	/tmp/05_25_17-02:55:32.fasta|GENSCAN_predicted_peptide_36|357_aa	PF04078.12	4.4999999999999995e-113	1	258	93	351
67	/tmp/05_25_17-02:55:32.fasta|GENSCAN_predicted_peptide_37|1242_aa	PF01602.19	1.0999999999999999e-122	2	523	20	559
68	/tmp/05_25_17-02:55:32.fasta|GENSCAN_predicted_peptide_37|1242_aa	PF08752.9	2.3999999999999997e-46	2	149	670	818
69	/tmp/05_25_17-02:55:32.fasta|GENSCAN_predicted_peptide_37|1242_aa	PF16381.4	8.3e-27	1	114	821	932
70	/tmp/05_25_17-02:55:32.fasta|GENSCAN_predicted_peptide_37|1242_aa	PF13646.5	6.1e-07	1	87	455	553
71	/tmp/05_25_17-02:55:32.fasta|GENSCAN_predicted_peptide_38|1674_aa	PF01021.18	1.4000000000000001e-55	1	98	17	114
72	/tmp/05_25_17-02:55:32.fasta|GENSCAN_predicted_peptide_38|1674_aa	PF07727.13	1.4e-31	13	223	1200	1408
73	/tmp/05_25_17-02:55:32.fasta|GENSCAN_predicted_peptide_38|1674_aa	PF00665.25	1.7000000000000002e-17	3	118	582	700
74	/tmp/05_25_17-02:55:32.fasta|GENSCAN_predicted_peptide_39|322_aa	PF00828.18	5.7e-31	2	120	86	211
75	/tmp/05_25_17-02:55:32.fasta|GENSCAN_predicted_peptide_41|195_aa	PF08228.10	9.899999999999998e-68	1	157	14	170
76	/tmp/05_25_17-02:55:32.fasta|GENSCAN_predicted_peptide_42|438_aa	PF01222.16	7.799999999999996e-194	1	432	8	438
77	/tmp/05_25_17-02:55:32.fasta|GENSCAN_predicted_peptide_42|438_aa	PF06966.11	3.1e-08	99	235	291	429
78	/tmp/05_25_17-02:55:32.fasta|GENSCAN_predicted_peptide_44|1556_aa	PF00561.19	7.999999999999998e-80	1	255	1136	1506
79	/tmp/05_25_17-02:55:32.fasta|GENSCAN_predicted_peptide_44|1556_aa	PF00169.28	8.3e-09	3	104	78	203
80	/tmp/05_25_17-02:55:32.fasta|GENSCAN_predicted_peptide_45|147_aa	PF00955.20	1.4999999999999998e-20	8	90	59	141
81	/tmp/05_25_17-02:55:32.fasta|GENSCAN_predicted_peptide_46|350_aa	PF02826.18	1.4000000000000001e-55	2	178	125	303
82	/tmp/05_25_17-02:55:32.fasta|GENSCAN_predicted_peptide_46|350_aa	PF00389.29	1.3e-13	45	133	65	334
83	/tmp/05_25_17-02:55:32.fasta|GENSCAN_predicted_peptide_47|1238_aa	PF04821.13	5.9999999999999986e-93	2	276	45	366
84	/tmp/05_25_17-02:55:32.fasta|GENSCAN_predicted_peptide_48|3286_aa	PF00324.20	8.199999999999998e-151	1	478	74	539
85	/tmp/05_25_17-02:55:32.fasta|GENSCAN_predicted_peptide_48|3286_aa	PF02181.22	8.999999999999999e-93	3	372	1923	2314
86	/tmp/05_25_17-02:55:32.fasta|GENSCAN_predicted_peptide_48|3286_aa	PF06367.15	2.8e-45	2	195	1085	1280
87	/tmp/05_25_17-02:55:32.fasta|GENSCAN_predicted_peptide_48|3286_aa	PF13520.5	1.6e-27	8	411	77	504
88	/tmp/05_25_17-02:55:32.fasta|GENSCAN_predicted_peptide_48|3286_aa	PF06428.10	1.1999999999999998e-27	2	89	2607	2694
89	/tmp/05_25_17-02:55:32.fasta|GENSCAN_predicted_peptide_48|3286_aa	PF06371.12	2e-19	37	184	870	1030
90	/tmp/05_25_17-02:55:32.fasta|GENSCAN_predicted_peptide_49|587_aa	PF00324.20	9.599999999999996e-139	1	478	90	553
91	/tmp/05_25_17-02:55:32.fasta|GENSCAN_predicted_peptide_49|587_aa	PF13520.5	5.6e-32	8	424	93	537
92	/tmp/05_25_17-02:55:32.fasta|GENSCAN_predicted_peptide_50|1066_aa	PF00454.26	2.8e-31	3	245	792	1006
93	/tmp/05_25_17-02:55:32.fasta|GENSCAN_predicted_peptide_50|1066_aa	PF11522.7	2.6e-22	1	51	122	171
94	/tmp/05_25_17-02:55:32.fasta|GENSCAN_predicted_peptide_50|1066_aa	PF00613.19	5.7e-07	73	157	30	114
95	/tmp/05_25_17-02:55:32.fasta|GENSCAN_predicted_peptide_51|637_aa	PF03398.13	1.2999999999999999e-54	1	164	352	522
96	/tmp/05_25_17-02:55:32.fasta|GENSCAN_predicted_peptide_51|637_aa	PF00650.19	9.5e-38	2	158	142	291
97	/tmp/05_25_17-02:55:32.fasta|GENSCAN_predicted_peptide_51|637_aa	PF03765.14	1.8e-17	1	54	49	115
98	/tmp/05_25_17-02:55:32.fasta|GENSCAN_predicted_peptide_52|314_aa	PF03878.14	3.9999999999999995e-78	1	238	60	313
99	/tmp/05_25_17-02:55:32.fasta|GENSCAN_predicted_peptide_53|2221_aa	PF08490.11	9.499999999999998e-141	3	400	1529	1918
100	/tmp/05_25_17-02:55:32.fasta|GENSCAN_predicted_peptide_53|2221_aa	PF03104.18	9.099999999999998e-85	3	337	122	441
101	/tmp/05_25_17-02:55:32.fasta|GENSCAN_predicted_peptide_53|2221_aa	PF00136.20	4.5e-07	153	209	802	867
102	/tmp/05_25_17-02:55:32.fasta|GENSCAN_predicted_peptide_53|2221_aa	PF10108.8	1.3e-06	34	175	351	489
103	/tmp/05_25_17-02:55:32.fasta|GENSCAN_predicted_peptide_54|479_aa	PF14630.5	1.7e-61	1	288	187	474
104	/tmp/05_25_17-02:55:32.fasta|GENSCAN_predicted_peptide_54|479_aa	PF13401.5	1.8000000000000001e-06	6	127	31	168
105	/tmp/05_25_17-02:55:32.fasta|GENSCAN_predicted_peptide_55|162_aa	PF09811.8	3.3e-11	1	39	17	55
106	/tmp/05_25_17-02:55:32.fasta|GENSCAN_predicted_peptide_56|754_aa	PF11989.7	9.099999999999997e-140	1	291	453	753
107	/tmp/05_25_17-02:55:32.fasta|GENSCAN_predicted_peptide_56|754_aa	PF11988.7	1.4999999999999994e-135	2	353	6	360
108	/tmp/05_25_17-02:55:32.fasta|GENSCAN_predicted_peptide_57|1229_aa	PF16016.4	4.8e-15	2	153	775	944
109	/tmp/05_25_17-02:55:32.fasta|GENSCAN_predicted_peptide_57|1229_aa	PF00169.28	1.3000000000000001e-12	2	103	311	421
110	/tmp/05_25_17-02:55:32.fasta|GENSCAN_predicted_peptide_57|1229_aa	PF16746.4	7.4e-09	2	189	19	215
111	/tmp/05_25_17-02:55:32.fasta|GENSCAN_predicted_peptide_58|805_aa	PF00809.21	2.8999999999999998e-52	1	244	488	785
112	/tmp/05_25_17-02:55:32.fasta|GENSCAN_predicted_peptide_58|805_aa	PF02152.17	5.599999999999999e-16	1	100	5	106
113	/tmp/05_25_17-02:55:32.fasta|GENSCAN_predicted_peptide_58|805_aa	PF02152.17	2.1e-16	1	110	130	236
114	/tmp/05_25_17-02:55:32.fasta|GENSCAN_predicted_peptide_58|805_aa	PF01288.19	3.2e-33	1	111	282	415
115	/tmp/05_25_17-02:55:32.fasta|GENSCAN_predicted_peptide_59|401_aa	PF14474.5	1.4e-32	2	121	219	364
116	/tmp/05_25_17-02:55:32.fasta|GENSCAN_predicted_peptide_60|422_aa	PF00400.31	0.0079	7	38	249	281
117	/tmp/05_25_17-02:55:32.fasta|GENSCAN_predicted_peptide_61|281_aa	PF11788.7	5e-38	1	119	23	150
118	/tmp/05_25_17-02:55:32.fasta|GENSCAN_predicted_peptide_62|575_aa	PF04818.12	3.8e-07	1	63	62	137
119	/tmp/05_25_17-02:55:32.fasta|GENSCAN_predicted_peptide_62|575_aa	PF00076.21	4.5e-06	1	61	341	396
120	/tmp/05_25_17-02:55:32.fasta|GENSCAN_predicted_peptide_63|1312_aa	PF13476.5	1e-38	1	198	6	253
121	/tmp/05_25_17-02:55:32.fasta|GENSCAN_predicted_peptide_63|1312_aa	PF04423.13	9.4e-18	1	51	666	717
122	/tmp/05_25_17-02:55:32.fasta|GENSCAN_predicted_peptide_64|542_aa	PF02782.15	4.3999999999999995e-25	2	193	261	469
123	/tmp/05_25_17-02:55:32.fasta|GENSCAN_predicted_peptide_64|542_aa	PF00370.20	2.2999999999999998e-08	3	165	9	177
124	/tmp/05_25_17-02:55:32.fasta|GENSCAN_predicted_peptide_65|415_aa	PF06870.11	1.7999999999999996e-126	1	385	33	411
125	/tmp/05_25_17-02:55:32.fasta|GENSCAN_predicted_peptide_66|754_aa	PF01406.18	1.6999999999999995e-149	2	300	37	461
126	/tmp/05_25_17-02:55:32.fasta|GENSCAN_predicted_peptide_66|754_aa	PF09334.10	7.699999999999999e-06	314	367	401	453
127	/tmp/05_25_17-02:55:32.fasta|GENSCAN_predicted_peptide_67|297_aa	PF00956.17	3.8e-09	65	195	29	158
128	/tmp/05_25_17-02:55:32.fasta|GENSCAN_predicted_peptide_68|968_aa	PF07651.15	9.399999999999998e-77	1	272	7	269
129	/tmp/05_25_17-02:55:32.fasta|GENSCAN_predicted_peptide_68|968_aa	PF01608.16	1.5e-49	1	152	809	962
130	/tmp/05_25_17-02:55:32.fasta|GENSCAN_predicted_peptide_69|1592_aa	PF09333.10	2.2000000000000002e-30	1	96	1489	1586
131	/tmp/05_25_17-02:55:32.fasta|GENSCAN_predicted_peptide_69|1592_aa	PF13329.5	2.5000000000000002e-30	2	146	785	921
132	/tmp/05_25_17-02:55:32.fasta|GENSCAN_predicted_peptide_70|505_aa	PF02781.15	3.899999999999999e-110	1	286	198	484
133	/tmp/05_25_17-02:55:32.fasta|GENSCAN_predicted_peptide_70|505_aa	PF00479.21	3.2e-58	2	177	16	196
134	/tmp/05_25_17-02:55:32.fasta|GENSCAN_predicted_peptide_71|491_aa	PF02906.13	7.6e-51	2	243	96	420
135	/tmp/05_25_17-02:55:32.fasta|GENSCAN_predicted_peptide_72|1210_aa	PF03051.14	2.7999999999999994e-175	2	428	5	437
136	/tmp/05_25_17-02:55:32.fasta|GENSCAN_predicted_peptide_72|1210_aa	PF00082.21	3.1e-37	1	298	562	841
137	/tmp/05_25_17-02:55:32.fasta|GENSCAN_predicted_peptide_72|1210_aa	PF01483.19	4.7000000000000005e-26	1	86	901	986
138	/tmp/05_25_17-02:55:32.fasta|GENSCAN_predicted_peptide_73|2557_aa	PF11635.7	7.099999999999998e-187	2	719	178	925
139	/tmp/05_25_17-02:55:32.fasta|GENSCAN_predicted_peptide_73|2557_aa	PF10447.8	7.8e-40	1	113	2397	2502
140	/tmp/05_25_17-02:55:32.fasta|GENSCAN_predicted_peptide_73|2557_aa	PF00042.21	0.00013000000000000002	38	110	1151	1208
141	/tmp/05_25_17-02:55:32.fasta|GENSCAN_predicted_peptide_74|351_aa	PF00650.19	4.2e-39	2	159	138	290
142	/tmp/05_25_17-02:55:32.fasta|GENSCAN_predicted_peptide_74|351_aa	PF03765.14	4.1000000000000003e-19	1	53	47	109
143	/tmp/05_25_17-02:55:32.fasta|GENSCAN_predicted_peptide_75|367_aa	PF06881.10	1.3e-16	1	96	7	100
144	/tmp/05_25_17-02:55:32.fasta|GENSCAN_predicted_peptide_76|353_aa	PF00043.24	4.4000000000000005e-27	1	93	222	344
145	/tmp/05_25_17-02:55:32.fasta|GENSCAN_predicted_peptide_76|353_aa	PF02798.19	4.1e-20	2	75	112	188
146	/tmp/05_25_17-02:55:32.fasta|GENSCAN_predicted_peptide_76|353_aa	PF13417.5	3.1e-09	1	71	115	191
147	/tmp/05_25_17-02:55:32.fasta|GENSCAN_predicted_peptide_76|353_aa	PF13409.5	3.5e-08	5	67	124	187
148	/tmp/05_25_17-02:55:32.fasta|GENSCAN_predicted_peptide_76|353_aa	PF14497.5	5.5e-06	47	94	299	348
149	/tmp/05_25_17-02:55:32.fasta|GENSCAN_predicted_peptide_77|590_aa	PF00226.30	8.5e-25	2	63	5	67
150	/tmp/05_25_17-02:55:32.fasta|GENSCAN_predicted_peptide_77|590_aa	PF12171.7	2.7e-09	2	27	338	363
151	/tmp/05_25_17-02:55:32.fasta|GENSCAN_predicted_peptide_77|590_aa	PF13894.5	0.0015	1	22	338	359
152	/tmp/05_25_17-02:55:32.fasta|GENSCAN_predicted_peptide_77|590_aa	PF00096.25	0.00022	1	23	338	362
153	/tmp/05_25_17-02:55:32.fasta|GENSCAN_predicted_peptide_77|590_aa	PF12756.6	0.00061	51	87	338	374
154	/tmp/05_25_17-02:55:32.fasta|GENSCAN_predicted_peptide_77|590_aa	PF12874.6	4.6e-06	1	25	338	362
155	/tmp/05_25_17-02:55:32.fasta|GENSCAN_predicted_peptide_78|581_aa	PF11778.7	3.2999999999999997e-49	3	134	444	575
156	/tmp/05_25_17-02:55:32.fasta|GENSCAN_predicted_peptide_79|767_aa	PF01585.22	3.5e-15	2	44	721	764
157	/tmp/05_25_17-02:55:32.fasta|GENSCAN_predicted_peptide_79|767_aa	PF01424.21	2.4e-05	3	60	597	654
158	/tmp/05_25_17-02:55:32.fasta|GENSCAN_predicted_peptide_80|691_aa	PF04722.12	1.3e-82	2	191	495	691
159	/tmp/05_25_17-02:55:32.fasta|GENSCAN_predicted_peptide_80|691_aa	PF03416.18	3.7999999999999995e-79	2	259	96	383
160	/tmp/05_25_17-02:55:32.fasta|GENSCAN_predicted_peptide_81|875_aa	PF06978.10	2.599999999999999e-75	1	202	62	300
161	/tmp/05_25_17-02:55:32.fasta|GENSCAN_predicted_peptide_81|875_aa	PF08170.11	2.6e-30	1	92	555	661
162	/tmp/05_25_17-02:55:32.fasta|GENSCAN_predicted_peptide_82|433_aa	PF00709.20	2.699999999999999e-178	2	418	4	427
163	/tmp/05_25_17-02:55:32.fasta|GENSCAN_predicted_peptide_83|193_aa	PF03901.16	5.2e-06	362	417	1	52
164	/tmp/05_25_17-02:55:32.fasta|GENSCAN_predicted_peptide_84|587_aa	PF12002.7	1.2999999999999997e-51	1	143	410	556
165	/tmp/05_25_17-02:55:32.fasta|GENSCAN_predicted_peptide_84|587_aa	PF16193.4	8.7e-22	4	81	326	409
166	/tmp/05_25_17-02:55:32.fasta|GENSCAN_predicted_peptide_84|587_aa	PF00004.28	1.2e-14	1	126	173	291
167	/tmp/05_25_17-02:55:32.fasta|GENSCAN_predicted_peptide_84|587_aa	PF05496.11	4.2e-13	14	144	135	280
168	/tmp/05_25_17-02:55:32.fasta|GENSCAN_predicted_peptide_84|587_aa	PF13173.5	1.2e-07	5	130	173	302
169	/tmp/05_25_17-02:55:32.fasta|GENSCAN_predicted_peptide_84|587_aa	PF07728.13	4.2999999999999995e-06	2	101	173	274
170	/tmp/05_25_17-02:55:32.fasta|GENSCAN_predicted_peptide_85|326_aa	PF00149.27	3.6000000000000005e-10	4	123	64	175
171	/tmp/05_25_17-02:55:32.fasta|GENSCAN_predicted_peptide_86|827_aa	PF09197.9	2.2999999999999996e-45	1	108	448	579
172	/tmp/05_25_17-02:55:32.fasta|GENSCAN_predicted_peptide_86|827_aa	PF11626.7	3e-23	3	84	742	823
173	/tmp/05_25_17-02:55:32.fasta|GENSCAN_predicted_peptide_86|827_aa	PF16589.4	5.9e-18	6	85	127	207
174	/tmp/05_25_17-02:55:32.fasta|GENSCAN_predicted_peptide_86|827_aa	PF00249.30	2.2e-09	3	47	362	411
175	/tmp/05_25_17-02:55:32.fasta|GENSCAN_predicted_peptide_87|455_aa	PF04795.11	3.3e-15	1	42	237	278
176	/tmp/05_25_17-02:55:32.fasta|GENSCAN_predicted_peptide_88|214_aa	PF06413.10	3e-06	6	58	76	127
177	/tmp/05_25_17-02:55:32.fasta|GENSCAN_predicted_peptide_89|782_aa	PF08553.9	5.7e-42	1	173	1	180
178	/tmp/05_25_17-02:55:32.fasta|GENSCAN_predicted_peptide_89|782_aa	PF08553.9	6.999999999999996e-223	226	801	193	775
179	/tmp/05_25_17-02:55:32.fasta|GENSCAN_predicted_peptide_90|613_aa	PF00012.19	1.7999999999999993e-229	1	594	9	610
180	/tmp/05_25_17-02:55:32.fasta|GENSCAN_predicted_peptide_90|613_aa	PF06723.12	3.8e-15	76	316	123	377
181	/tmp/05_25_17-02:55:32.fasta|GENSCAN_predicted_peptide_91|199_aa	PF05433.14	2.1000000000000002e-10	2	41	47	85
182	/tmp/05_25_17-02:55:32.fasta|GENSCAN_predicted_peptide_92|425_aa	PF01163.21	6.7e-42	1	181	108	286
183	/tmp/05_25_17-02:55:32.fasta|GENSCAN_predicted_peptide_92|425_aa	PF09202.10	5.9e-32	1	82	8	91
184	/tmp/05_25_17-02:55:32.fasta|GENSCAN_predicted_peptide_93|455_aa	PF08512.11	2e-28	2	89	221	307
185	/tmp/05_25_17-02:55:32.fasta|GENSCAN_predicted_peptide_94|300_aa	PF01412.17	8.8e-24	6	112	18	121
186	/tmp/05_25_17-02:55:32.fasta|GENSCAN_predicted_peptide_95|295_aa	PF13561.5	4.8999999999999995e-49	10	233	43	271
187	/tmp/05_25_17-02:55:32.fasta|GENSCAN_predicted_peptide_95|295_aa	PF00106.24	7.2e-37	1	189	28	220
188	/tmp/05_25_17-02:55:32.fasta|GENSCAN_predicted_peptide_95|295_aa	PF08659.9	6.3e-12	4	162	31	192
189	/tmp/05_25_17-02:55:32.fasta|GENSCAN_predicted_peptide_96|858_aa	PF04802.14	3.2e-60	1	191	193	392
190	/tmp/05_25_17-02:55:32.fasta|GENSCAN_predicted_peptide_97|1578_aa	PF03853.14	3.8e-33	2	171	1361	1536
191	/tmp/05_25_17-02:55:32.fasta|GENSCAN_predicted_peptide_97|1578_aa	PF00076.21	6.7e-16	1	66	770	839
192	/tmp/05_25_17-02:55:32.fasta|GENSCAN_predicted_peptide_100|1621_aa	PF01644.16	1.4999999999999997e-69	1	163	454	619
193	/tmp/05_25_17-02:55:32.fasta|GENSCAN_predicted_peptide_100|1621_aa	PF08407.10	8e-25	2	73	376	453
194	/tmp/05_25_17-02:55:32.fasta|GENSCAN_predicted_peptide_100|1621_aa	PF03142.14	1.1e-12	204	375	597	765
195	/tmp/05_25_17-02:55:32.fasta|GENSCAN_predicted_peptide_100|1621_aa	PF13230.5	1.2e-12	4	152	1101	1257
196	/tmp/05_25_17-02:55:32.fasta|GENSCAN_predicted_peptide_100|1621_aa	PF13632.5	1e-10	1	191	597	819
197	/tmp/05_25_17-02:55:32.fasta|GENSCAN_predicted_peptide_100|1621_aa	PF13522.5	1.1e-09	5	103	1164	1267
198	/tmp/05_25_17-02:55:32.fasta|GENSCAN_predicted_peptide_101|542_aa	PF00514.22	3.6e-11	3	41	121	160
199	/tmp/05_25_17-02:55:32.fasta|GENSCAN_predicted_peptide_101|542_aa	PF00514.22	7.7e-10	2	40	163	201
200	/tmp/05_25_17-02:55:32.fasta|GENSCAN_predicted_peptide_101|542_aa	PF00514.22	3.5e-09	2	41	205	244
201	/tmp/05_25_17-02:55:32.fasta|GENSCAN_predicted_peptide_101|542_aa	PF00514.22	3.2e-07	4	40	249	285
202	/tmp/05_25_17-02:55:32.fasta|GENSCAN_predicted_peptide_101|542_aa	PF00514.22	2.3e-06	2	40	289	327
203	/tmp/05_25_17-02:55:32.fasta|GENSCAN_predicted_peptide_101|542_aa	PF00514.22	2.1e-12	1	41	330	370
204	/tmp/05_25_17-02:55:32.fasta|GENSCAN_predicted_peptide_101|542_aa	PF00514.22	4.8e-12	1	40	372	411
205	/tmp/05_25_17-02:55:32.fasta|GENSCAN_predicted_peptide_101|542_aa	PF00514.22	6.8e-06	2	39	418	455
206	/tmp/05_25_17-02:55:32.fasta|GENSCAN_predicted_peptide_101|542_aa	PF01749.19	1e-27	1	86	17	108
207	/tmp/05_25_17-02:55:32.fasta|GENSCAN_predicted_peptide_101|542_aa	PF16186.4	2.8999999999999996e-21	1	53	471	523
208	/tmp/05_25_17-02:55:32.fasta|GENSCAN_predicted_peptide_103|792_aa	PF00443.28	5.5e-50	2	257	363	730
209	/tmp/05_25_17-02:55:32.fasta|GENSCAN_predicted_peptide_103|792_aa	PF13423.5	7.9e-10	2	295	363	711
210	/tmp/05_25_17-02:55:32.fasta|GENSCAN_predicted_peptide_104|158_aa	PF00298.18	3.3e-26	1	70	73	156
211	/tmp/05_25_17-02:55:32.fasta|GENSCAN_predicted_peptide_104|158_aa	PF03946.13	6.5e-24	1	58	10	68
212	/tmp/05_25_17-02:55:32.fasta|GENSCAN_predicted_peptide_105|790_aa	PF00069.24	8.1e-48	4	264	441	742
213	/tmp/05_25_17-02:55:32.fasta|GENSCAN_predicted_peptide_105|790_aa	PF07714.16	3.2000000000000003e-23	2	196	439	631
214	/tmp/05_25_17-02:55:32.fasta|GENSCAN_predicted_peptide_107|407_aa	PF00106.24	9.4e-09	1	126	54	192
215	/tmp/05_25_17-02:55:32.fasta|GENSCAN_predicted_peptide_107|407_aa	PF08659.9	6.8e-06	2	90	55	145
216	/tmp/05_25_17-02:55:32.fasta|GENSCAN_predicted_peptide_108|331_aa	PF00071.21	1.3000000000000002e-42	1	159	5	216
217	/tmp/05_25_17-02:55:32.fasta|GENSCAN_predicted_peptide_108|331_aa	PF08477.12	6.9e-09	52	119	77	159
218	/tmp/05_25_17-02:55:32.fasta|GENSCAN_predicted_peptide_109|240_aa	PF00189.19	1.5e-22	3	83	107	188
219	/tmp/05_25_17-02:55:32.fasta|GENSCAN_predicted_peptide_109|240_aa	PF07650.16	2.5999999999999997e-11	1	75	20	93
220	/tmp/05_25_17-02:55:32.fasta|GENSCAN_predicted_peptide_110|309_aa	PF00237.18	1.8e-21	1	102	165	267
221	/tmp/05_25_17-02:55:32.fasta|GENSCAN_predicted_peptide_112|403_aa	PF00076.21	6.099999999999999e-17	1	70	241	311
222	/tmp/05_25_17-02:55:32.fasta|GENSCAN_predicted_peptide_114|1748_aa	PF12859.6	5.7999999999999995e-06	2	48	87	315
223	/tmp/05_25_17-02:55:32.fasta|GENSCAN_predicted_peptide_115|500_aa	PF02666.14	2.5999999999999997e-70	1	199	183	492
224	/tmp/05_25_17-02:55:32.fasta|GENSCAN_predicted_peptide_116|836_aa	PF01557.17	2.2999999999999996e-45	11	207	598	810
225	/tmp/05_25_17-02:55:32.fasta|GENSCAN_predicted_peptide_116|836_aa	PF00170.20	1.2e-07	1	52	427	478
226	/tmp/05_25_17-02:55:32.fasta|GENSCAN_predicted_peptide_116|836_aa	PF11785.7	1.4000000000000001e-05	31	51	9	30
227	/tmp/05_25_17-02:55:32.fasta|GENSCAN_predicted_peptide_120|1110_aa	PF00009.26	6e-58	2	183	18	297
228	/tmp/05_25_17-02:55:32.fasta|GENSCAN_predicted_peptide_120|1110_aa	PF00679.23	3e-13	5	84	974	1054
229	/tmp/05_25_17-02:55:32.fasta|GENSCAN_predicted_peptide_120|1110_aa	PF03144.24	7.000000000000001e-10	3	73	583	658
230	/tmp/05_25_17-02:55:32.fasta|GENSCAN_predicted_peptide_120|1110_aa	PF14492.5	1.1e-07	4	67	677	739
231	/tmp/05_25_17-02:55:32.fasta|GENSCAN_predicted_peptide_121|756_aa	PF00069.24	5.9e-42	1	153	352	505
232	/tmp/05_25_17-02:55:32.fasta|GENSCAN_predicted_peptide_121|756_aa	PF00069.24	1.6e-17	154	264	568	672
233	/tmp/05_25_17-02:55:32.fasta|GENSCAN_predicted_peptide_121|756_aa	PF07714.16	2.0000000000000002e-20	3	163	354	511
234	/tmp/05_25_17-02:55:32.fasta|GENSCAN_predicted_peptide_124|168_aa	PF04667.16	9.5e-30	1	77	27	106
235	/tmp/05_25_17-02:55:32.fasta|GENSCAN_predicted_peptide_125|274_aa	PF01428.15	9.000000000000001e-11	1	36	18	51
236	/tmp/05_25_17-02:55:32.fasta|GENSCAN_predicted_peptide_126|525_aa	PF00069.24	2.7e-24	1	209	55	272
237	/tmp/05_25_17-02:55:32.fasta|GENSCAN_predicted_peptide_126|525_aa	PF07714.16	1.2999999999999999e-11	2	226	56	283
238	/tmp/05_25_17-02:55:32.fasta|GENSCAN_predicted_peptide_127|129_aa	PF01920.19	1.1e-24	1	105	19	123
239	/tmp/05_25_17-02:55:32.fasta|GENSCAN_predicted_peptide_128|409_aa	PF00168.29	1.4e-07	1	103	11	116
240	/tmp/05_25_17-02:55:32.fasta|GENSCAN_predicted_peptide_129|454_aa	PF11705.7	7.9e-52	13	229	219	439
241	/tmp/05_25_17-02:55:32.fasta|GENSCAN_predicted_peptide_129|454_aa	PF14560.5	1.2e-08	1	86	1	89
242	/tmp/05_25_17-02:55:32.fasta|GENSCAN_predicted_peptide_131|468_aa	PF00909.20	5.699999999999998e-132	2	399	3	413
243	/tmp/05_25_17-02:55:32.fasta|GENSCAN_predicted_peptide_132|347_aa	PF00962.21	3.299999999999999e-106	2	327	10	336
244	/tmp/05_25_17-02:55:32.fasta|GENSCAN_predicted_peptide_133|1597_aa	PF16134.4	1.2999999999999997e-174	1	630	29	656
245	/tmp/05_25_17-02:55:32.fasta|GENSCAN_predicted_peptide_133|1597_aa	PF11262.7	2.8999999999999995e-30	3	189	939	1107
246	/tmp/05_25_17-02:55:32.fasta|GENSCAN_predicted_peptide_133|1597_aa	PF11262.7	1.2e-14	222	301	1113	1192
247	/tmp/05_25_17-02:55:32.fasta|GENSCAN_predicted_peptide_133|1597_aa	PF11732.7	1.6e-22	1	76	658	732
248	/tmp/05_25_17-02:55:32.fasta|GENSCAN_predicted_peptide_134|526_aa	PF01213.18	9.099999999999996e-114	2	317	15	347
249	/tmp/05_25_17-02:55:32.fasta|GENSCAN_predicted_peptide_134|526_aa	PF08603.10	3.4e-61	2	157	369	524
250	/tmp/05_25_17-02:55:32.fasta|GENSCAN_predicted_peptide_135|486_aa	PF01479.24	3.8e-17	2	47	104	149
251	/tmp/05_25_17-02:55:32.fasta|GENSCAN_predicted_peptide_136|425_aa	PF07904.12	4.299999999999999e-34	1	101	9	132
252	/tmp/05_25_17-02:55:32.fasta|GENSCAN_predicted_peptide_137|376_aa	PF00107.25	6.5e-18	1	117	186	304
253	/tmp/05_25_17-02:55:32.fasta|GENSCAN_predicted_peptide_138|1667_aa	PF13718.5	1.8999999999999994e-99	1	226	536	766
254	/tmp/05_25_17-02:55:32.fasta|GENSCAN_predicted_peptide_138|1667_aa	PF13725.5	3.2e-92	1	233	773	1007
255	/tmp/05_25_17-02:55:32.fasta|GENSCAN_predicted_peptide_138|1667_aa	PF05127.13	7.299999999999999e-65	2	177	281	493
256	/tmp/05_25_17-02:55:32.fasta|GENSCAN_predicted_peptide_138|1667_aa	PF08351.10	5.4e-33	1	93	108	202
257	/tmp/05_25_17-02:55:32.fasta|GENSCAN_predicted_peptide_138|1667_aa	PF04281.12	1.7e-10	15	69	1046	1101
258	/tmp/05_25_17-02:55:32.fasta|GENSCAN_predicted_peptide_138|1667_aa	PF00782.19	1.1e-07	59	115	1403	1461
259	/tmp/05_25_17-02:55:32.fasta|GENSCAN_predicted_peptide_139|953_aa	PF07923.12	2.7999999999999996e-71	2	288	219	487
260	/tmp/05_25_17-02:55:32.fasta|GENSCAN_predicted_peptide_139|953_aa	PF11882.7	2.7000000000000003e-28	1	251	585	795
261	/tmp/05_25_17-02:55:32.fasta|GENSCAN_predicted_peptide_139|953_aa	PF11882.7	3.1e-23	325	445	812	930
262	/tmp/05_25_17-02:55:32.fasta|GENSCAN_predicted_peptide_140|846_aa	PF04130.12	3.599999999999999e-75	4	535	190	738
263	/tmp/05_25_17-02:55:32.fasta|GENSCAN_predicted_peptide_141|673_aa	PF07690.15	6.6e-23	2	332	216	547
264	/tmp/05_25_17-02:55:32.fasta|GENSCAN_predicted_peptide_141|673_aa	PF07690.15	1.9e-09	6	131	436	561
265	/tmp/05_25_17-02:55:32.fasta|GENSCAN_predicted_peptide_142|492_aa	PF04410.13	5.9e-45	5	153	122	270
266	/tmp/05_25_17-02:55:32.fasta|GENSCAN_predicted_peptide_143|997_aa	PF12812.6	5.799999999999999e-37	1	78	392	469
267	/tmp/05_25_17-02:55:32.fasta|GENSCAN_predicted_peptide_143|997_aa	PF12812.6	2.9e-15	4	78	869	944
268	/tmp/05_25_17-02:55:32.fasta|GENSCAN_predicted_peptide_143|997_aa	PF13365.5	4.8e-20	1	151	104	250
269	/tmp/05_25_17-02:55:32.fasta|GENSCAN_predicted_peptide_143|997_aa	PF00595.23	1.5e-10	2	82	291	375
270	/tmp/05_25_17-02:55:32.fasta|GENSCAN_predicted_peptide_144|617_aa	PF00515.27	1.3e-06	1	33	99	131
271	/tmp/05_25_17-02:55:32.fasta|GENSCAN_predicted_peptide_144|617_aa	PF13432.5	0.017	3	51	105	149
272	/tmp/05_25_17-02:55:32.fasta|GENSCAN_predicted_peptide_144|617_aa	PF13432.5	0.017	2	61	436	492
273	/tmp/05_25_17-02:55:32.fasta|GENSCAN_predicted_peptide_144|617_aa	PF13432.5	0.016	15	64	526	572
274	/tmp/05_25_17-02:55:32.fasta|GENSCAN_predicted_peptide_144|617_aa	PF13181.5	0.00088	2	34	398	430
275	/tmp/05_25_17-02:55:32.fasta|GENSCAN_predicted_peptide_145|453_aa	PF10288.8	1.1e-22	1	111	283	405
276	/tmp/05_25_17-02:55:32.fasta|GENSCAN_predicted_peptide_146|970_aa	PF05026.12	4.7000000000000005e-26	2	83	18	99
277	/tmp/05_25_17-02:55:32.fasta|GENSCAN_predicted_peptide_146|970_aa	PF00293.27	2.3e-13	6	124	106	218
278	/tmp/05_25_17-02:55:32.fasta|GENSCAN_predicted_peptide_147|554_aa	PF01274.21	8.599999999999997e-231	3	526	20	542
279	/tmp/05_25_17-02:55:32.fasta|GENSCAN_predicted_peptide_148|522_aa	PF00498.25	2.8e-15	11	69	318	379
280	/tmp/05_25_17-02:55:32.fasta|GENSCAN_predicted_peptide_148|522_aa	PF17123.4	1.8e-09	1	29	432	460
281	/tmp/05_25_17-02:55:32.fasta|GENSCAN_predicted_peptide_149|462_aa	PF00561.19	1.6000000000000001e-28	1	253	166	437
282	/tmp/05_25_17-02:55:32.fasta|GENSCAN_predicted_peptide_149|462_aa	PF10329.8	8.300000000000001e-16	1	77	26	116
283	/tmp/05_25_17-02:55:32.fasta|GENSCAN_predicted_peptide_150|142_aa	PF13656.5	9.999999999999999e-33	2	73	61	133
284	/tmp/05_25_17-02:55:32.fasta|GENSCAN_predicted_peptide_150|142_aa	PF01193.23	1.8e-15	1	69	62	128
285	/tmp/05_25_17-02:55:32.fasta|GENSCAN_predicted_peptide_151|546_aa	PF00270.28	1.9e-47	1	176	137	308
286	/tmp/05_25_17-02:55:32.fasta|GENSCAN_predicted_peptide_151|546_aa	PF00271.30	6.7e-32	5	111	347	455
287	/tmp/05_25_17-02:55:32.fasta|GENSCAN_predicted_peptide_152|120_aa	PF00173.27	7.2e-23	2	73	7	77
288	/tmp/05_25_17-02:55:32.fasta|GENSCAN_predicted_peptide_153|220_aa	PF00076.21	1.6e-17	1	69	93	162
289	/tmp/05_25_17-02:55:32.fasta|GENSCAN_predicted_peptide_154|270_aa	PF00300.21	2.7000000000000003e-18	1	162	6	183
290	/tmp/05_25_17-02:55:32.fasta|GENSCAN_predicted_peptide_155|226_aa	PF03366.15	3e-35	1	80	40	120
291	/tmp/05_25_17-02:55:32.fasta|GENSCAN_predicted_peptide_156|1725_aa	PF00682.18	8.499999999999997e-93	2	264	61	342
292	/tmp/05_25_17-02:55:32.fasta|GENSCAN_predicted_peptide_156|1725_aa	PF02383.17	5.599999999999998e-74	13	319	615	942
293	/tmp/05_25_17-02:55:32.fasta|GENSCAN_predicted_peptide_156|1725_aa	PF08502.9	1.2e-24	1	132	456	594
294	/tmp/05_25_17-02:55:32.fasta|GENSCAN_predicted_peptide_156|1725_aa	PF03372.22	1.9e-11	1	212	1138	1416
295	/tmp/05_25_17-02:55:32.fasta|GENSCAN_predicted_peptide_158|1468_aa	PF00136.20	1.4999999999999998e-126	2	464	778	1229
296	/tmp/05_25_17-02:55:32.fasta|GENSCAN_predicted_peptide_158|1468_aa	PF08996.9	2.7e-64	2	185	1270	1463
297	/tmp/05_25_17-02:55:32.fasta|GENSCAN_predicted_peptide_158|1468_aa	PF03104.18	1.3999999999999998e-60	2	337	376	719
298	/tmp/05_25_17-02:55:32.fasta|GENSCAN_predicted_peptide_158|1468_aa	PF12254.7	2.3e-18	1	65	11	76
299	/tmp/05_25_17-02:55:32.fasta|GENSCAN_predicted_peptide_159|626_aa	PF01490.17	2.7e-24	169	269	294	391
300	/tmp/05_25_17-02:55:32.fasta|GENSCAN_predicted_peptide_160|238_aa	PF03162.12	2.2999999999999998e-60	1	163	67	234
301	/tmp/05_25_17-02:55:32.fasta|GENSCAN_predicted_peptide_160|238_aa	PF13350.5	4.5e-05	108	158	146	198
302	/tmp/05_25_17-02:55:32.fasta|GENSCAN_predicted_peptide_161|322_aa	PF00071.21	1.1e-56	1	160	12	171
303	/tmp/05_25_17-02:55:32.fasta|GENSCAN_predicted_peptide_161|322_aa	PF08477.12	1.1999999999999999e-19	1	119	12	126
304	/tmp/05_25_17-02:55:32.fasta|GENSCAN_predicted_peptide_161|322_aa	PF00025.20	3.5000000000000003e-10	12	166	8	162
305	/tmp/05_25_17-02:55:32.fasta|GENSCAN_predicted_peptide_162|330_aa	PF12998.6	1e-25	1	101	10	110
306	/tmp/05_25_17-02:55:32.fasta|GENSCAN_predicted_peptide_163|788_aa	PF01251.17	4.5999999999999984e-77	7	183	608	784
307	/tmp/05_25_17-02:55:32.fasta|GENSCAN_predicted_peptide_163|788_aa	PF03547.17	3.3e-18	24	327	2	525
308	/tmp/05_25_17-02:55:32.fasta|GENSCAN_predicted_peptide_164|587_aa	PF09949.8	1.8e-30	1	98	330	425
309	/tmp/05_25_17-02:55:32.fasta|GENSCAN_predicted_peptide_165|220_aa	PF00071.21	1.3999999999999997e-56	1	160	14	179
310	/tmp/05_25_17-02:55:32.fasta|GENSCAN_predicted_peptide_165|220_aa	PF08477.12	6.999999999999999e-35	1	119	14	128
311	/tmp/05_25_17-02:55:32.fasta|GENSCAN_predicted_peptide_165|220_aa	PF00025.20	5.5e-18	14	173	12	177
312	/tmp/05_25_17-02:55:32.fasta|GENSCAN_predicted_peptide_165|220_aa	PF04670.11	2.4e-07	1	158	14	161
313	/tmp/05_25_17-02:55:32.fasta|GENSCAN_predicted_peptide_165|220_aa	PF01926.22	1.1e-05	1	103	14	113
314	/tmp/05_25_17-02:55:32.fasta|GENSCAN_predicted_peptide_166|400_aa	PF07942.11	1.2999999999999999e-104	3	271	90	395
315	/tmp/05_25_17-02:55:32.fasta|GENSCAN_predicted_peptide_167|1240_aa	PF13945.5	6.2e-14	32	170	6	160
316	/tmp/05_25_17-02:55:32.fasta|GENSCAN_predicted_peptide_168|1428_aa	PF00521.19	9.699999999999997e-125	1	426	690	1160
317	/tmp/05_25_17-02:55:32.fasta|GENSCAN_predicted_peptide_168|1428_aa	PF16898.4	1.5e-48	1	128	559	688
318	/tmp/05_25_17-02:55:32.fasta|GENSCAN_predicted_peptide_168|1428_aa	PF00204.24	1.6e-24	2	126	247	373
319	/tmp/05_25_17-02:55:32.fasta|GENSCAN_predicted_peptide_168|1428_aa	PF02518.25	3.3e-13	4	110	58	204
320	/tmp/05_25_17-02:55:32.fasta|GENSCAN_predicted_peptide_168|1428_aa	PF01751.21	6.6e-07	2	88	445	543
321	/tmp/05_25_17-02:55:32.fasta|GENSCAN_predicted_peptide_169|1178_aa	PF00168.29	6.2e-17	1	93	378	471
322	/tmp/05_25_17-02:55:32.fasta|GENSCAN_predicted_peptide_169|1178_aa	PF00168.29	0.49	3	103	523	618
323	/tmp/05_25_17-02:55:32.fasta|GENSCAN_predicted_peptide_169|1178_aa	PF00168.29	3.1999999999999996e-14	2	96	651	744
324	/tmp/05_25_17-02:55:32.fasta|GENSCAN_predicted_peptide_169|1178_aa	PF00168.29	4.7999999999999995e-19	1	99	983	1084
325	/tmp/05_25_17-02:55:32.fasta|GENSCAN_predicted_peptide_171|830_aa	PF12246.7	8.2e-61	1	238	574	824
326	/tmp/05_25_17-02:55:32.fasta|GENSCAN_predicted_peptide_171|830_aa	PF12247.7	4e-28	1	90	401	490
327	/tmp/05_25_17-02:55:32.fasta|GENSCAN_predicted_peptide_171|830_aa	PF00752.16	5.1e-28	1	100	1	102
328	/tmp/05_25_17-02:55:32.fasta|GENSCAN_predicted_peptide_172|349_aa	PF12763.6	5.1e-49	1	103	1	103
329	/tmp/05_25_17-02:55:32.fasta|GENSCAN_predicted_peptide_172|349_aa	PF12761.6	9.4e-16	1	74	186	264
330	/tmp/05_25_17-02:55:32.fasta|GENSCAN_predicted_peptide_172|349_aa	PF12761.6	2.3e-12	125	199	273	345
331	/tmp/05_25_17-02:55:32.fasta|GENSCAN_predicted_peptide_173|1325_aa	PF00153.26	3.1e-17	9	95	231	335
332	/tmp/05_25_17-02:55:32.fasta|GENSCAN_predicted_peptide_173|1325_aa	PF00153.26	5e-13	7	74	391	458
333	/tmp/05_25_17-02:55:32.fasta|GENSCAN_predicted_peptide_173|1325_aa	PF01119.18	4.0000000000000004e-24	22	118	711	808
334	/tmp/05_25_17-02:55:32.fasta|GENSCAN_predicted_peptide_173|1325_aa	PF08676.10	6.1000000000000005e-22	5	147	1128	1279
335	/tmp/05_25_17-02:55:32.fasta|GENSCAN_predicted_peptide_173|1325_aa	PF13499.5	7.1e-08	5	70	17	78
336	/tmp/05_25_17-02:55:32.fasta|GENSCAN_predicted_peptide_173|1325_aa	PF13589.5	4.7e-10	4	95	477	568
337	/tmp/05_25_17-02:55:32.fasta|GENSCAN_predicted_peptide_173|1325_aa	PF02518.25	6.2e-06	4	105	474	599
338	/tmp/05_25_17-02:55:32.fasta|GENSCAN_predicted_peptide_174|366_aa	PF12326.7	2.1e-61	2	175	134	344
339	/tmp/05_25_17-02:55:32.fasta|GENSCAN_predicted_peptide_175|199_aa	PF12718.6	3.9e-18	1	64	7	70
340	/tmp/05_25_17-02:55:32.fasta|GENSCAN_predicted_peptide_175|199_aa	PF12718.6	1.3e-38	23	143	67	187
341	/tmp/05_25_17-02:55:32.fasta|GENSCAN_predicted_peptide_177|1073_aa	PF01556.17	4.3e-25	1	148	179	411
342	/tmp/05_25_17-02:55:32.fasta|GENSCAN_predicted_peptide_177|1073_aa	PF00226.30	6.1000000000000005e-22	2	63	7	68
343	/tmp/05_25_17-02:55:32.fasta|GENSCAN_predicted_peptide_177|1073_aa	PF00684.18	1.5e-10	1	66	206	268
344	/tmp/05_25_17-02:55:32.fasta|GENSCAN_predicted_peptide_177|1073_aa	PF08550.9	1.6e-07	2	28	527	553
345	/tmp/05_25_17-02:55:32.fasta|GENSCAN_predicted_peptide_178|290_aa	PF04427.17	5.700000000000001e-30	1	191	93	259
346	/tmp/05_25_17-02:55:32.fasta|GENSCAN_predicted_peptide_180|1311_aa	PF00198.22	7.7e-74	3	233	1079	1311
347	/tmp/05_25_17-02:55:32.fasta|GENSCAN_predicted_peptide_180|1311_aa	PF01351.17	5.399999999999999e-72	1	198	566	781
348	/tmp/05_25_17-02:55:32.fasta|GENSCAN_predicted_peptide_180|1311_aa	PF00152.19	4.799999999999999e-44	8	264	214	516
349	/tmp/05_25_17-02:55:32.fasta|GENSCAN_predicted_peptide_180|1311_aa	PF00364.21	6.2e-17	3	72	866	937
350	/tmp/05_25_17-02:55:32.fasta|GENSCAN_predicted_peptide_180|1311_aa	PF02817.16	6.7e-15	1	36	1003	1038
351	/tmp/05_25_17-02:55:32.fasta|GENSCAN_predicted_peptide_180|1311_aa	PF01336.24	1.6e-09	2	75	102	192
352	/tmp/05_25_17-02:55:32.fasta|GENSCAN_predicted_peptide_181|1042_aa	PF00250.17	5.4e-34	1	85	340	424
353	/tmp/05_25_17-02:55:32.fasta|GENSCAN_predicted_peptide_181|1042_aa	PF00498.25	4.2e-12	2	69	84	172
354	/tmp/05_25_17-02:55:32.fasta|GENSCAN_predicted_peptide_181|1042_aa	PF00572.17	6.900000000000001e-08	7	123	854	959
355	/tmp/05_25_17-02:55:32.fasta|GENSCAN_predicted_peptide_182|191_aa	PF00347.22	1.6e-17	1	76	12	85
356	/tmp/05_25_17-02:55:32.fasta|GENSCAN_predicted_peptide_182|191_aa	PF00347.22	4.9000000000000006e-14	1	76	97	178
357	/tmp/05_25_17-02:55:32.fasta|GENSCAN_predicted_peptide_183|420_aa	PF03856.12	2.799999999999999e-98	1	245	165	407
358	/tmp/05_25_17-02:55:32.fasta|GENSCAN_predicted_peptide_184|586_aa	PF07690.15	5e-37	2	351	107	510
359	/tmp/05_25_17-02:55:32.fasta|GENSCAN_predicted_peptide_184|586_aa	PF00083.23	1.3999999999999999e-14	46	196	136	281
360	/tmp/05_25_17-02:55:32.fasta|GENSCAN_predicted_peptide_185|409_aa	PF01556.17	5e-40	1	148	116	336
361	/tmp/05_25_17-02:55:32.fasta|GENSCAN_predicted_peptide_185|409_aa	PF00226.30	9.499999999999999e-27	2	63	7	67
362	/tmp/05_25_17-02:55:32.fasta|GENSCAN_predicted_peptide_185|409_aa	PF00684.18	1.6e-16	1	67	143	208
363	/tmp/05_25_17-02:55:32.fasta|GENSCAN_predicted_peptide_186|314_aa	PF05175.13	4.5e-09	34	118	113	202
364	/tmp/05_25_17-02:55:32.fasta|GENSCAN_predicted_peptide_186|314_aa	PF03602.14	1.3000000000000001e-05	33	135	102	203
365	/tmp/05_25_17-02:55:32.fasta|GENSCAN_predicted_peptide_187|478_aa	PF04189.12	9.999999999999999e-102	1	300	6	329
366	/tmp/05_25_17-02:55:32.fasta|GENSCAN_predicted_peptide_188|618_aa	PF01189.16	1.7999999999999997e-82	1	200	338	547
367	/tmp/05_25_17-02:55:32.fasta|GENSCAN_predicted_peptide_188|618_aa	PF17125.4	1.8e-07	14	89	255	334
368	/tmp/05_25_17-02:55:32.fasta|GENSCAN_predicted_peptide_189|755_aa	PF00022.18	1.2e-31	4	190	37	230
369	/tmp/05_25_17-02:55:32.fasta|GENSCAN_predicted_peptide_189|755_aa	PF00022.18	9.6e-21	231	403	480	743
370	/tmp/05_25_17-02:55:32.fasta|GENSCAN_predicted_peptide_190|599_aa	PF01459.21	8.799999999999998e-68	2	268	3	274
371	/tmp/05_25_17-02:55:32.fasta|GENSCAN_predicted_peptide_191|3331_aa	PF01021.18	2.1000000000000003e-54	1	98	26	123
372	/tmp/05_25_17-02:55:32.fasta|GENSCAN_predicted_peptide_191|3331_aa	PF00782.19	7.5e-39	1	132	3084	3213
373	/tmp/05_25_17-02:55:32.fasta|GENSCAN_predicted_peptide_191|3331_aa	PF07727.13	6.1e-31	13	225	1266	1476
374	/tmp/05_25_17-02:55:32.fasta|GENSCAN_predicted_peptide_191|3331_aa	PF12751.6	3.9e-07	57	162	2106	2201
375	/tmp/05_25_17-02:55:32.fasta|GENSCAN_predicted_peptide_191|3331_aa	PF12751.6	5.900000000000001e-20	86	379	2360	2685
376	/tmp/05_25_17-02:55:32.fasta|GENSCAN_predicted_peptide_191|3331_aa	PF00665.25	4e-17	3	118	654	772
377	/tmp/05_25_17-02:55:32.fasta|GENSCAN_predicted_peptide_192|403_aa	PF10392.8	2.7000000000000004e-46	1	132	14	146
378	/tmp/05_25_17-02:55:32.fasta|GENSCAN_predicted_peptide_193|270_aa	PF09428.9	8.7e-25	1	146	116	250
379	/tmp/05_25_17-02:55:32.fasta|GENSCAN_predicted_peptide_194|857_aa	PF04811.14	2.1999999999999998e-66	1	243	215	485
380	/tmp/05_25_17-02:55:32.fasta|GENSCAN_predicted_peptide_194|857_aa	PF04815.14	1.3999999999999998e-20	1	102	584	686
381	/tmp/05_25_17-02:55:32.fasta|GENSCAN_predicted_peptide_194|857_aa	PF08033.11	5.600000000000001e-17	2	95	491	572
382	/tmp/05_25_17-02:55:32.fasta|GENSCAN_predicted_peptide_194|857_aa	PF04810.14	7.7e-15	1	36	142	177
383	/tmp/05_25_17-02:55:32.fasta|GENSCAN_predicted_peptide_194|857_aa	PF00626.21	1.2e-09	2	75	712	786
384	/tmp/05_25_17-02:55:32.fasta|GENSCAN_predicted_peptide_195|548_aa	PF15924.4	7.399999999999998e-77	2	209	72	274
385	/tmp/05_25_17-02:55:32.fasta|GENSCAN_predicted_peptide_195|548_aa	PF00534.19	1.2e-30	2	161	293	466
386	/tmp/05_25_17-02:55:32.fasta|GENSCAN_predicted_peptide_196|656_aa	PF00169.28	1.6e-13	2	104	447	554
387	/tmp/05_25_17-02:55:32.fasta|GENSCAN_predicted_peptide_197|825_aa	PF01433.19	5e-58	4	236	415	647
388	/tmp/05_25_17-02:55:32.fasta|GENSCAN_predicted_peptide_197|825_aa	PF09127.10	4.6e-33	1	112	699	823
389	/tmp/05_25_17-02:55:32.fasta|GENSCAN_predicted_peptide_198|176_aa	PF03208.18	1e-38	2	142	32	172
390	/tmp/05_25_17-02:55:32.fasta|GENSCAN_predicted_peptide_199|396_aa	PF10846.7	3.3e-61	51	442	12	384
391	/tmp/05_25_17-02:55:32.fasta|GENSCAN_predicted_peptide_200|839_aa	PF06419.10	3.099999999999999e-153	16	605	195	832
392	/tmp/05_25_17-02:55:32.fasta|GENSCAN_predicted_peptide_201|456_aa	PF07973.13	8.9e-09	1	44	227	271
393	/tmp/05_25_17-02:55:32.fasta|GENSCAN_predicted_peptide_201|456_aa	PF01411.18	1.1e-05	477	551	37	116
394	/tmp/05_25_17-02:55:32.fasta|GENSCAN_predicted_peptide_202|594_aa	PF15963.4	1.4999999999999998e-24	1	81	410	490
395	/tmp/05_25_17-02:55:32.fasta|GENSCAN_predicted_peptide_202|594_aa	PF00249.30	2.2e-09	2	45	418	460
396	/tmp/05_25_17-02:55:32.fasta|GENSCAN_predicted_peptide_203|360_aa	PF00180.19	8e-75	1	348	30	353
397	/tmp/05_25_17-02:55:32.fasta|GENSCAN_predicted_peptide_204|221_aa	PF00484.18	4e-40	1	155	52	208
398	/tmp/05_25_17-02:55:32.fasta|GENSCAN_predicted_peptide_205|1788_aa	PF01021.18	1.1999999999999998e-53	1	98	56	153
399	/tmp/05_25_17-02:55:32.fasta|GENSCAN_predicted_peptide_205|1788_aa	PF07727.13	2.6e-31	13	219	1314	1518
400	/tmp/05_25_17-02:55:32.fasta|GENSCAN_predicted_peptide_205|1788_aa	PF00665.25	1.2e-15	3	118	677	795
401	/tmp/05_25_17-02:55:32.fasta|GENSCAN_predicted_peptide_205|1788_aa	PF13976.5	1.5e-06	12	67	597	659
402	/tmp/05_25_17-02:55:32.fasta|GENSCAN_predicted_peptide_206|389_aa	PF00400.31	0.0036	3	38	139	177
403	/tmp/05_25_17-02:55:32.fasta|GENSCAN_predicted_peptide_206|389_aa	PF00400.31	0.11	9	37	289	320
404	/tmp/05_25_17-02:55:32.fasta|GENSCAN_predicted_peptide_209|281_aa	PF03162.12	2.999999999999999e-68	1	161	116	276
405	/tmp/05_25_17-02:55:32.fasta|GENSCAN_predicted_peptide_209|281_aa	PF13350.5	1.5e-06	111	159	195	245
406	/tmp/05_25_17-02:55:32.fasta|GENSCAN_predicted_peptide_210|103_aa	PF15511.5	2.3e-09	15	79	32	96
407	/tmp/05_25_17-02:55:32.fasta|GENSCAN_predicted_peptide_210|103_aa	PF02969.16	7.3e-05	5	66	31	92
408	/tmp/05_25_17-02:55:32.fasta|GENSCAN_predicted_peptide_211|467_aa	PF01793.15	2.2999999999999996e-56	47	232	22	209
409	/tmp/05_25_17-02:55:32.fasta|GENSCAN_predicted_peptide_211|467_aa	PF01793.15	1.8e-30	218	324	254	368
410	/tmp/05_25_17-02:55:32.fasta|GENSCAN_predicted_peptide_212|678_aa	PF00096.25	4.2e-07	1	23	569	591
411	/tmp/05_25_17-02:55:32.fasta|GENSCAN_predicted_peptide_212|678_aa	PF00096.25	0.006999999999999999	1	23	597	619
412	/tmp/05_25_17-02:55:32.fasta|GENSCAN_predicted_peptide_212|678_aa	PF13894.5	0.00026000000000000003	1	23	569	591
413	/tmp/05_25_17-02:55:32.fasta|GENSCAN_predicted_peptide_212|678_aa	PF13912.5	0.0015	2	24	569	591
414	/tmp/05_25_17-02:55:32.fasta|GENSCAN_predicted_peptide_212|678_aa	PF12874.6	6.7e-05	1	24	569	592
415	/tmp/05_25_17-02:55:32.fasta|GENSCAN_predicted_peptide_213|323_aa	PF00134.22	3e-18	4	126	48	175
416	/tmp/05_25_17-02:55:32.fasta|GENSCAN_predicted_peptide_214|1628_aa	PF10294.8	1.2e-48	6	173	1416	1599
417	/tmp/05_25_17-02:55:32.fasta|GENSCAN_predicted_peptide_214|1628_aa	PF01424.21	1.8e-17	1	60	1183	1243
418	/tmp/05_25_17-02:55:32.fasta|GENSCAN_predicted_peptide_214|1628_aa	PF01189.16	1.7e-14	2	157	236	422
419	/tmp/05_25_17-02:55:32.fasta|GENSCAN_predicted_peptide_214|1628_aa	PF01422.16	0.0012	1	19	665	683
420	/tmp/05_25_17-02:55:32.fasta|GENSCAN_predicted_peptide_214|1628_aa	PF01422.16	0.15	1	18	811	829
421	/tmp/05_25_17-02:55:32.fasta|GENSCAN_predicted_peptide_214|1628_aa	PF01422.16	7.499999999999999e-06	1	18	917	934
422	/tmp/05_25_17-02:55:32.fasta|GENSCAN_predicted_peptide_214|1628_aa	PF01422.16	0.048	1	19	1028	1054
423	/tmp/05_25_17-02:55:32.fasta|GENSCAN_predicted_peptide_215|706_aa	PF00850.18	9.599999999999996e-87	1	306	83	393
424	/tmp/05_25_17-02:55:32.fasta|GENSCAN_predicted_peptide_215|706_aa	PF09757.8	1.7999999999999996e-73	2	212	459	657
425	/tmp/05_25_17-02:55:32.fasta|GENSCAN_predicted_peptide_216|638_aa	PF00069.24	4.6999999999999995e-37	4	260	25	294
426	/tmp/05_25_17-02:55:32.fasta|GENSCAN_predicted_peptide_216|638_aa	PF07714.16	5e-27	2	259	23	295
427	/tmp/05_25_17-02:55:32.fasta|GENSCAN_predicted_peptide_219|453_aa	PF00076.21	5.900000000000001e-20	1	69	77	145
428	/tmp/05_25_17-02:55:32.fasta|GENSCAN_predicted_peptide_219|453_aa	PF00076.21	4.4000000000000004e-20	1	70	164	234
429	/tmp/05_25_17-02:55:32.fasta|GENSCAN_predicted_peptide_219|453_aa	PF00076.21	2.2e-14	2	70	344	407
430	/tmp/05_25_17-02:55:32.fasta|GENSCAN_predicted_peptide_219|453_aa	PF13893.5	0.00043	13	107	65	159
431	/tmp/05_25_17-02:55:32.fasta|GENSCAN_predicted_peptide_221|1599_aa	PF01735.17	5e-15	1	100	1052	1143
432	/tmp/05_25_17-02:55:32.fasta|GENSCAN_predicted_peptide_221|1599_aa	PF01735.17	3.5999999999999997e-68	88	486	1210	1598
433	/tmp/05_25_17-02:55:32.fasta|GENSCAN_predicted_peptide_221|1599_aa	PF00005.26	9.4e-18	1	137	446	572
434	/tmp/05_25_17-02:55:32.fasta|GENSCAN_predicted_peptide_221|1599_aa	PF00005.26	3.6000000000000003e-22	2	137	685	925
435	/tmp/05_25_17-02:55:32.fasta|GENSCAN_predicted_peptide_221|1599_aa	PF00350.22	1.1e-05	1	80	697	784
436	/tmp/05_25_17-02:55:32.fasta|GENSCAN_predicted_peptide_222|250_aa	PF01933.17	5.5e-25	137	281	2	235
437	/tmp/05_25_17-02:55:32.fasta|GENSCAN_predicted_peptide_223|241_aa	PF12710.6	3.8000000000000003e-25	1	188	6	188
438	/tmp/05_25_17-02:55:32.fasta|GENSCAN_predicted_peptide_223|241_aa	PF06888.11	2.2e-07	2	210	5	209
439	/tmp/05_25_17-02:55:32.fasta|GENSCAN_predicted_peptide_224|420_aa	PF00180.19	2.2999999999999994e-71	1	348	5	399
440	/tmp/05_25_17-02:55:32.fasta|GENSCAN_predicted_peptide_225|472_aa	PF13920.5	1.2e-07	3	48	418	464
441	/tmp/05_25_17-02:55:32.fasta|GENSCAN_predicted_peptide_226|352_aa	PF01556.17	3.8e-37	1	148	182	337
442	/tmp/05_25_17-02:55:32.fasta|GENSCAN_predicted_peptide_226|352_aa	PF00226.30	1.3e-22	2	63	7	65
443	/tmp/05_25_17-02:55:32.fasta|GENSCAN_predicted_peptide_227|303_aa	PF00400.31	1.2e-10	2	38	66	103
444	/tmp/05_25_17-02:55:32.fasta|GENSCAN_predicted_peptide_227|303_aa	PF00400.31	0.00063	8	38	114	144
445	/tmp/05_25_17-02:55:32.fasta|GENSCAN_predicted_peptide_227|303_aa	PF00400.31	0.0001	2	38	198	235
446	/tmp/05_25_17-02:55:32.fasta|GENSCAN_predicted_peptide_227|303_aa	PF00400.31	4.0999999999999997e-08	3	38	242	278
447	/tmp/05_25_17-02:55:32.fasta|GENSCAN_predicted_peptide_228|371_aa	PF01016.18	2.1e-31	1	79	28	109
448	/tmp/05_25_17-02:55:32.fasta|GENSCAN_predicted_peptide_229|454_aa	PF00076.21	1e-19	1	69	163	230
449	/tmp/05_25_17-02:55:32.fasta|GENSCAN_predicted_peptide_229|454_aa	PF00076.21	1.5e-14	1	69	263	331
450	/tmp/05_25_17-02:55:32.fasta|GENSCAN_predicted_peptide_229|454_aa	PF00076.21	1.6e-17	1	69	378	446
451	/tmp/05_25_17-02:55:32.fasta|GENSCAN_predicted_peptide_230|516_aa	PF00153.26	1.1e-13	5	96	326	414
452	/tmp/05_25_17-02:55:32.fasta|GENSCAN_predicted_peptide_230|516_aa	PF00153.26	1.8000000000000002e-20	2	96	419	507
453	/tmp/05_25_17-02:55:32.fasta|GENSCAN_predicted_peptide_230|516_aa	PF00327.19	3e-11	1	52	142	194
454	/tmp/05_25_17-02:55:32.fasta|GENSCAN_predicted_peptide_231|386_aa	PF03464.14	8.099999999999999e-32	2	133	142	274
455	/tmp/05_25_17-02:55:32.fasta|GENSCAN_predicted_peptide_231|386_aa	PF03465.14	1.1e-24	2	113	278	376
456	/tmp/05_25_17-02:55:32.fasta|GENSCAN_predicted_peptide_231|386_aa	PF03463.14	4.5e-22	1	129	1	134
457	/tmp/05_25_17-02:55:32.fasta|GENSCAN_predicted_peptide_232|479_aa	PF00285.20	3.199999999999999e-101	1	361	83	461
458	/tmp/05_25_17-02:55:32.fasta|GENSCAN_predicted_peptide_233|596_aa	PF05158.11	9.999999999999999e-111	1	331	4	312
459	/tmp/05_25_17-02:55:32.fasta|GENSCAN_predicted_peptide_233|596_aa	PF01184.18	7.4e-92	1	206	384	589
460	/tmp/05_25_17-02:55:32.fasta|GENSCAN_predicted_peptide_234|622_aa	PF00790.18	3.2999999999999996e-42	3	141	5	145
461	/tmp/05_25_17-02:55:32.fasta|GENSCAN_predicted_peptide_234|622_aa	PF01363.20	7.3e-19	9	66	173	229
462	/tmp/05_25_17-02:55:32.fasta|GENSCAN_predicted_peptide_234|622_aa	PF02809.19	0.0046	1	17	258	274
463	/tmp/05_25_17-02:55:32.fasta|GENSCAN_predicted_peptide_234|622_aa	PF02809.19	0.17	1	17	301	317
464	/tmp/05_25_17-02:55:32.fasta|GENSCAN_predicted_peptide_235|310_aa	PF03986.12	4.599999999999999e-45	1	136	2	151
465	/tmp/05_25_17-02:55:32.fasta|GENSCAN_predicted_peptide_235|310_aa	PF03987.14	1.1e-13	1	55	173	235
466	/tmp/05_25_17-02:55:32.fasta|GENSCAN_predicted_peptide_235|310_aa	PF10381.8	1.8000000000000002e-13	1	25	283	307
467	/tmp/05_25_17-02:55:32.fasta|GENSCAN_predicted_peptide_236|1104_aa	PF02450.14	1.6999999999999995e-151	1	391	202	624
468	/tmp/05_25_17-02:55:32.fasta|GENSCAN_predicted_peptide_236|1104_aa	PF07544.12	2.8000000000000003e-23	1	78	1019	1100
469	/tmp/05_25_17-02:55:32.fasta|GENSCAN_predicted_peptide_236|1104_aa	PF08528.10	2.4e-09	1	25	763	787
470	/tmp/05_25_17-02:55:32.fasta|GENSCAN_predicted_peptide_237|876_aa	PF04408.22	1.8e-15	1	70	619	693
471	/tmp/05_25_17-02:55:32.fasta|GENSCAN_predicted_peptide_237|876_aa	PF00271.30	4.9e-15	8	111	427	557
472	/tmp/05_25_17-02:55:32.fasta|GENSCAN_predicted_peptide_237|876_aa	PF07717.15	3.9e-14	2	83	776	862
473	/tmp/05_25_17-02:55:32.fasta|GENSCAN_predicted_peptide_237|876_aa	PF00270.28	3.3e-08	5	172	230	385
474	/tmp/05_25_17-02:55:32.fasta|GENSCAN_predicted_peptide_238|469_aa	PF00485.17	1.2999999999999998e-70	1	197	26	215
475	/tmp/05_25_17-02:55:32.fasta|GENSCAN_predicted_peptide_238|469_aa	PF14681.5	7.599999999999999e-35	2	183	259	442
476	/tmp/05_25_17-02:55:32.fasta|GENSCAN_predicted_peptide_239|894_aa	PF03105.18	1e-13	1	40	1	41
477	/tmp/05_25_17-02:55:32.fasta|GENSCAN_predicted_peptide_239|894_aa	PF03105.18	9.400000000000001e-26	182	382	70	257
478	/tmp/05_25_17-02:55:32.fasta|GENSCAN_predicted_peptide_239|894_aa	PF00939.18	1.1e-24	13	462	439	885
479	/tmp/05_25_17-02:55:32.fasta|GENSCAN_predicted_peptide_239|894_aa	PF03600.15	6.5e-22	2	287	468	818
480	/tmp/05_25_17-02:55:32.fasta|GENSCAN_predicted_peptide_240|212_aa	PF15700.4	9.599999999999998e-45	2	243	10	208
481	/tmp/05_25_17-02:55:32.fasta|GENSCAN_predicted_peptide_241|384_aa	PF01207.16	6.799999999999998e-83	2	307	32	352
482	/tmp/05_25_17-02:55:32.fasta|GENSCAN_predicted_peptide_242|2233_aa	PF08326.11	1.4999999999999991e-263	1	736	768	1479
483	/tmp/05_25_17-02:55:32.fasta|GENSCAN_predicted_peptide_242|2233_aa	PF01039.21	7.699999999999996e-192	1	494	1574	2130
484	/tmp/05_25_17-02:55:32.fasta|GENSCAN_predicted_peptide_242|2233_aa	PF02786.16	8.399999999999999e-51	25	209	233	413
485	/tmp/05_25_17-02:55:32.fasta|GENSCAN_predicted_peptide_242|2233_aa	PF00289.21	2.4e-29	2	110	59	180
486	/tmp/05_25_17-02:55:32.fasta|GENSCAN_predicted_peptide_242|2233_aa	PF02785.18	1.6000000000000002e-20	2	107	457	563
487	/tmp/05_25_17-02:55:32.fasta|GENSCAN_predicted_peptide_242|2233_aa	PF00364.21	2.2e-17	2	73	702	767
488	/tmp/05_25_17-02:55:32.fasta|GENSCAN_predicted_peptide_243|444_aa	PF02466.18	4.0999999999999994e-25	1	99	97	204
489	/tmp/05_25_17-02:55:32.fasta|GENSCAN_predicted_peptide_243|444_aa	PF04588.12	9.499999999999999e-05	13	51	344	384
490	/tmp/05_25_17-02:55:32.fasta|GENSCAN_predicted_peptide_244|642_aa	PF03062.18	5.699999999999998e-121	1	348	215	641
491	/tmp/05_25_17-02:55:32.fasta|GENSCAN_predicted_peptide_245|211_aa	PF09768.8	1.6999999999999996e-71	2	171	32	207
492	/tmp/05_25_17-02:55:32.fasta|GENSCAN_predicted_peptide_246|404_aa	PF07946.13	1.1999999999999997e-71	1	321	44	394
493	/tmp/05_25_17-02:55:32.fasta|GENSCAN_predicted_peptide_248|171_aa	PF10175.8	1.1000000000000002e-19	8	129	1	168
494	/tmp/05_25_17-02:55:32.fasta|GENSCAN_predicted_peptide_250|317_aa	PF08543.11	7.6e-10	59	211	80	243
495	/tmp/05_25_17-02:55:32.fasta|GENSCAN_predicted_peptide_251|296_aa	PF00160.20	1.3e-13	11	153	56	198
496	/tmp/05_25_17-02:55:32.fasta|GENSCAN_predicted_peptide_252|429_aa	PF02492.18	2.1000000000000003e-46	1	176	72	273
497	/tmp/05_25_17-02:55:32.fasta|GENSCAN_predicted_peptide_252|429_aa	PF07683.13	4e-06	24	92	362	427
498	/tmp/05_25_17-02:55:32.fasta|GENSCAN_predicted_peptide_253|551_aa	PF03901.16	8.1e-33	2	368	9	385
499	/tmp/05_25_17-02:55:32.fasta|GENSCAN_predicted_peptide_254|1579_aa	PF00069.24	5.599999999999999e-63	2	264	1267	1558
500	/tmp/05_25_17-02:55:32.fasta|GENSCAN_predicted_peptide_254|1579_aa	PF07714.16	6e-25	5	160	1270	1421
501	/tmp/05_25_17-02:55:32.fasta|GENSCAN_predicted_peptide_254|1579_aa	PF07714.16	1.7e-07	169	256	1460	1552
502	/tmp/05_25_17-02:55:32.fasta|GENSCAN_predicted_peptide_255|1163_aa	PF00425.17	5.999999999999999e-65	3	258	876	1154
503	/tmp/05_25_17-02:55:32.fasta|GENSCAN_predicted_peptide_255|1163_aa	PF00149.27	3.2e-33	2	201	44	248
504	/tmp/05_25_17-02:55:32.fasta|GENSCAN_predicted_peptide_255|1163_aa	PF00117.27	4.0999999999999996e-30	2	187	395	600
505	/tmp/05_25_17-02:55:32.fasta|GENSCAN_predicted_peptide_255|1163_aa	PF04715.12	5.7000000000000005e-18	14	141	675	826
506	/tmp/05_25_17-02:55:32.fasta|GENSCAN_predicted_peptide_255|1163_aa	PF07722.12	7.8e-07	104	216	480	585
507	/tmp/05_25_17-02:55:32.fasta|GENSCAN_predicted_peptide_256|321_aa	PF01182.19	1.3999999999999998e-52	23	225	87	294
508	/tmp/05_25_17-02:55:32.fasta|GENSCAN_predicted_peptide_257|342_aa	PF04045.13	9.699999999999999e-92	1	239	56	315
509	/tmp/05_25_17-02:55:32.fasta|GENSCAN_predicted_peptide_258|127_aa	PF00164.24	1.7e-33	7	113	20	124
510	/tmp/05_25_17-02:55:32.fasta|GENSCAN_predicted_peptide_259|629_aa	PF00270.28	9.9e-44	14	176	222	390
511	/tmp/05_25_17-02:55:32.fasta|GENSCAN_predicted_peptide_259|629_aa	PF00271.30	1.4999999999999998e-20	7	111	439	563
512	/tmp/05_25_17-02:55:32.fasta|GENSCAN_predicted_peptide_259|629_aa	PF04851.14	1.3000000000000002e-10	22	148	225	352
513	/tmp/05_25_17-02:55:32.fasta|GENSCAN_predicted_peptide_262|372_aa	PF01040.17	5.799999999999999e-48	3	249	104	350
514	/tmp/05_25_17-02:55:32.fasta|GENSCAN_predicted_peptide_263|396_aa	PF00288.25	4.3e-09	1	66	105	163
515	/tmp/05_25_17-02:55:32.fasta|GENSCAN_predicted_peptide_266|135_aa	PF03966.15	1.2e-21	1	68	2	124
516	/tmp/05_25_17-02:55:32.fasta|GENSCAN_predicted_peptide_267|893_aa	PF00069.24	4.399999999999999e-79	1	264	496	777
517	/tmp/05_25_17-02:55:32.fasta|GENSCAN_predicted_peptide_267|893_aa	PF07714.16	5.7e-31	3	251	498	762
518	/tmp/05_25_17-02:55:32.fasta|GENSCAN_predicted_peptide_267|893_aa	PF14531.5	5.3e-06	157	288	609	761
519	/tmp/05_25_17-02:55:32.fasta|GENSCAN_predicted_peptide_268|393_aa	PF03381.14	9.199999999999997e-84	2	279	66	362
520	/tmp/05_25_17-02:55:32.fasta|GENSCAN_predicted_peptide_269|209_aa	PF14475.5	4.0999999999999996e-16	1	40	28	69
521	/tmp/05_25_17-02:55:32.fasta|GENSCAN_predicted_peptide_270|446_aa	PF16653.4	2.899999999999999e-94	1	264	123	438
522	/tmp/05_25_17-02:55:32.fasta|GENSCAN_predicted_peptide_270|446_aa	PF03435.17	3.8000000000000003e-25	1	130	5	119
523	/tmp/05_25_17-02:55:32.fasta|GENSCAN_predicted_peptide_270|446_aa	PF01488.19	1.1e-07	12	81	2	73
524	/tmp/05_25_17-02:55:32.fasta|GENSCAN_predicted_peptide_270|446_aa	PF13460.5	1.3e-07	2	68	9	75
525	/tmp/05_25_17-02:55:32.fasta|GENSCAN_predicted_peptide_271|496_aa	PF02136.19	2.5000000000000002e-21	14	120	2	121
526	/tmp/05_25_17-02:55:32.fasta|GENSCAN_predicted_peptide_272|1787_aa	PF08153.11	8.800000000000001e-51	1	130	906	1036
527	/tmp/05_25_17-02:55:32.fasta|GENSCAN_predicted_peptide_272|1787_aa	PF07690.15	3.3999999999999997e-31	4	331	71	507
528	/tmp/05_25_17-02:55:32.fasta|GENSCAN_predicted_peptide_272|1787_aa	PF01926.22	4.4e-13	2	73	1183	1252
529	/tmp/05_25_17-02:55:32.fasta|GENSCAN_predicted_peptide_272|1787_aa	PF04857.19	9.6e-08	1	125	1517	1634
530	/tmp/05_25_17-02:55:32.fasta|GENSCAN_predicted_peptide_273|494_aa	PF13520.5	1.1e-38	24	424	4	480
531	/tmp/05_25_17-02:55:32.fasta|GENSCAN_predicted_peptide_274|237_aa	PF13500.5	3.7e-48	3	198	14	216
532	/tmp/05_25_17-02:55:32.fasta|GENSCAN_predicted_peptide_275|480_aa	PF00202.20	8.999999999999999e-99	11	405	36	470
533	/tmp/05_25_17-02:55:32.fasta|GENSCAN_predicted_peptide_276|580_aa	PF11051.7	1.3999999999999997e-67	1	275	197	472
534	/tmp/05_25_17-02:55:32.fasta|GENSCAN_predicted_peptide_277|719_aa	PF08030.11	5.5e-34	1	155	530	698
535	/tmp/05_25_17-02:55:32.fasta|GENSCAN_predicted_peptide_277|719_aa	PF08022.11	4.4000000000000004e-30	3	108	425	524
536	/tmp/05_25_17-02:55:32.fasta|GENSCAN_predicted_peptide_277|719_aa	PF01794.18	5.9e-23	1	124	273	389
537	/tmp/05_25_17-02:55:32.fasta|GENSCAN_predicted_peptide_279|607_aa	PF00172.17	1.2e-09	2	39	15	52
538	/tmp/05_25_17-02:55:32.fasta|GENSCAN_predicted_peptide_279|607_aa	PF04082.17	6.5e-07	18	236	213	418
539	/tmp/05_25_17-02:55:32.fasta|GENSCAN_predicted_peptide_280|1834_aa	PF15902.4	5.5e-39	2	331	55	428
540	/tmp/05_25_17-02:55:32.fasta|GENSCAN_predicted_peptide_280|1834_aa	PF15902.4	1.2e-18	366	438	429	506
541	/tmp/05_25_17-02:55:32.fasta|GENSCAN_predicted_peptide_280|1834_aa	PF15902.4	3.499999999999999e-144	2	445	727	1173
542	/tmp/05_25_17-02:55:32.fasta|GENSCAN_predicted_peptide_280|1834_aa	PF15901.4	1.2e-30	2	171	519	681
543	/tmp/05_25_17-02:55:32.fasta|GENSCAN_predicted_peptide_280|1834_aa	PF15901.4	1.1999999999999998e-38	1	171	1175	1343
544	/tmp/05_25_17-02:55:32.fasta|GENSCAN_predicted_peptide_280|1834_aa	PF00561.19	1e-37	1	254	1574	1818
545	/tmp/05_25_17-02:55:32.fasta|GENSCAN_predicted_peptide_280|1834_aa	PF12697.6	2.0999999999999998e-09	1	211	1576	1825
546	/tmp/05_25_17-02:55:32.fasta|GENSCAN_predicted_peptide_281|1940_aa	PF03639.12	5.2999999999999976e-250	3	682	1240	1930
547	/tmp/05_25_17-02:55:32.fasta|GENSCAN_predicted_peptide_281|1940_aa	PF04425.11	2.499999999999999e-97	14	451	61	462
548	/tmp/05_25_17-02:55:32.fasta|GENSCAN_predicted_peptide_281|1940_aa	PF04426.11	2e-56	1	214	532	739
549	/tmp/05_25_17-02:55:32.fasta|GENSCAN_predicted_peptide_282|1184_aa	PF01061.23	2.6e-41	1	210	373	581
550	/tmp/05_25_17-02:55:32.fasta|GENSCAN_predicted_peptide_282|1184_aa	PF00005.26	4e-18	1	136	46	207
551	/tmp/05_25_17-02:55:32.fasta|GENSCAN_predicted_peptide_282|1184_aa	PF00005.26	2.6e-17	1	137	748	898
552	/tmp/05_25_17-02:55:32.fasta|GENSCAN_predicted_peptide_282|1184_aa	PF06422.11	1.1000000000000001e-30	1	90	593	682
553	/tmp/05_25_17-02:55:32.fasta|GENSCAN_predicted_peptide_282|1184_aa	PF12698.6	1.5e-14	153	342	411	655
554	/tmp/05_25_17-02:55:32.fasta|GENSCAN_predicted_peptide_283|342_aa	PF01263.19	4.499999999999999e-81	2	301	12	339
555	/tmp/05_25_17-02:55:32.fasta|GENSCAN_predicted_peptide_284|564_aa	PF00083.23	3.699999999999999e-162	1	451	60	520
556	/tmp/05_25_17-02:55:32.fasta|GENSCAN_predicted_peptide_284|564_aa	PF07690.15	2.3e-25	4	319	79	434
557	/tmp/05_25_17-02:55:32.fasta|GENSCAN_predicted_peptide_284|564_aa	PF07690.15	7.099999999999999e-10	48	202	366	555
558	/tmp/05_25_17-02:55:32.fasta|GENSCAN_predicted_peptide_285|502_aa	PF08125.12	1.8999999999999994e-99	1	246	229	475
559	/tmp/05_25_17-02:55:32.fasta|GENSCAN_predicted_peptide_285|502_aa	PF01232.22	1.1e-52	1	151	36	200
560	/tmp/05_25_17-02:55:32.fasta|GENSCAN_predicted_peptide_286|378_aa	PF07992.13	1.3e-29	2	276	7	285
561	/tmp/05_25_17-02:55:32.fasta|GENSCAN_predicted_peptide_286|378_aa	PF00070.26	9.999999999999999e-16	1	71	139	220
562	/tmp/05_25_17-02:55:32.fasta|GENSCAN_predicted_peptide_287|120_aa	PF00660.16	3.9000000000000004e-27	1	98	22	114
